Net Profit Margin,Current Ratio,ROE,Debt-to-Equity,Quick Ratio,ROA,Inventory Turnover,Year
0.28,2.0,0.4666666666666667,1.0,1.6,0.23333333333333334,5.0,2021
0.26666666666666666,2.1818181818181817,0.45714285714285713,0.9428571428571428,1.7454545454545454,0.23529411764705882,5.208333333333333,2022
0.28,2.3333333333333335,0.4772727272727273,0.8181818181818182,1.9083333333333334,0.2625,5.882352941176471,2023
